657|american-gods|American Gods #1
53416|private-arrangements-c7d8c737-1d52-4bc4-9f67-a298a2374487|The London Trilogy #2
55548|anna-and-the-french-kiss|Anna and the French Kiss #1
61832|the-authenticity-project|
70139|every-day|Every Day #1
70825|catch-22|Catch-22 #1
72652|till-we-have-faces|
75337|geek-love|
90725|on-dublin-street|On Dublin Street #1
104151|machines-like-me|
110466|the-knife-of-never-letting-go|Chaos Walking #1
124808|then-came-you-1993|The Gamblers of Craven's #1
145884|and-the-mountains-echoed|The Kite Runner Collection #3
147526|call-me-by-your-name|Call Me By Your Name #1
154747|the-sea-of-tranquility|
158268|enders-game|Ender's Saga #1
159874|the-plot-against-america|
167550|the-contract|The Contract #1
167936|the-vanishing-half|
176623|the-passengers|Dark Future #2
179536|a-million-junes|
189360|mystic-river|
195294|the-real-deal-2018|
202765|brother|
202782|recursion|
211320|a-lady-by-midnight|Spindle Cove #3
212769|the-nightingale|
226864|graceling|Graceling Realm #1
235693|the-luckiest-lady-in-london|The London Trilogy #1
261931|a-man-called-ove|
263530|rebecca|
273279|feed|Newsflesh #1
279226|any-man-of-mine-2011|Chinooks Hockey Team #6
295584|lock-every-door|
300042|the-book-thief|
301500|the-kind-worth-killing|Henry Kimball/Lily Kintner #1
308671|the-broken-girls|
312460|dune|Dune #1
320781|one-flew-over-the-cuckoos-nest|
324503|the-wrath-the-dawn-2015|The Wrath and the Dawn #1
336232|aristotle-and-dante-discover-the-secrets-of-the-universe|Aristotle and Dante #1
342142|the-bell-jar|
373323|the-bluest-eye|
374373|beloved|Beloved Trilogy #1
375663|a-thousand-splendid-suns|The Kite Runner Collection #2
376341|the-stand|
376651|strange-the-dreamer|Strange the Dreamer #1
377139|tess-of-the-durbervilles|
377512|ethan-frome|
379217|the-name-of-the-wind|The Kingkiller Chronicle #1
379371|we-hunt-the-flame|Sands of Arawiya #1
380187|the-starless-sea|
381936|the-goldfinch|
382134|half-of-a-yellow-sun|
427473|red-rising|Red Rising Saga #1
427520|you-are-a-badass|
427559|spell-or-high-water|Magic 2.0 #2
427578|project-hail-mary|
427734|ariadne|
427741|maybe-you-should-talk-to-someone|
427971|all-systems-red|The Murderbot Diaries #1
427986|the-great-alone|
428213|how-to-stop-time|
428298|caste|
428343|kingdom-of-the-wicked|Kingdom of the Wicked #1
428575|portrait-of-a-scotsman|A League of Extraordinary Women #3
428633|what-if-its-us|What If It's Us #1
428676|more-than-this|
428799|the-bromance-book-club|Bromance Book Club #1
428863|neon-gods|Dark Olympus #1
428892|rhapsodic|The Bargainer #1
428918|shipped|
429008|air-awakens|Air Awakens #1
429009|the-princess-trap|The Midnight Heat Collection #1
429021|accidentally-engaged|
429024|these-violent-delights|These Violent Delights #1
429044|if-the-shoe-fits-julie-murphy|Meant to Be #1
429080|you-say-it-first|
429366|the-atlas-six|The Atlas #1
430185|still-missing|Nadine Lavoie #1
431613|the-inadequate-heir|The Bridge Kingdom #3
431661|the-high-mountain-court-789c8e9d-cd96-47c6-8f1a-1ea8f0e86617|The Five Crowns of Okrith, #1
432605|into-the-water|
432621|beautiful-world-where-are-you|
432759|punk-57|
432882|royal-holiday|The Wedding Date #3
433181|what-alice-forgot|
433289|you-had-me-at-hola|Primas of Power #1
433443|hopeless|Hopeless #1
433452|the-great-believers|
433662|a-rogue-of-ones-own|A League of Extraordinary Women #2
433773|the-ex-hex|Graves Glen #1
433814|a-shadow-in-the-ember|Flesh and Fire #1
434780|us-against-you|Beartown #2
435098|this-close-to-okay|
435521|version-control|
436167|before-the-coffee-gets-cold|Before the Coffee Gets Cold #1
436837|slewfoot|
437051|women-dont-owe-you-pretty|
437628|waiting-for-tom-hanks|Waiting for Tom Hanks #1
440367|very-sincerely-yours|
440405|say-you-still-love-me|
440419|the-trouble-with-hating-you|The Trouble with Hating You #1
440436|heartbreak-for-hire|
440492|the-marriage-game-2020|Marriage Game #1
440520|the-good-luck-charm|
440541|not-like-the-movies|Waiting for Tom Hanks #2
440668|the-worst-best-man-2018|
440695|outmatched|
440698|to-have-and-to-hoax|The Regency Vows #1
440747|book-boyfriend|Book Boyfriends #1
444788|1q84-book-1|1Q84 #1
445511|the-silence-of-the-girls|Women of Troy #1
445664|layla|
446681|dungeon-crawler-carl|Dungeon Crawler Carl #1
447034|playing-with-fire-2020|
448560|daughters-of-sparta|
449358|the-way-i-used-to-be|The Way I Used to Be #1
449503|instructions-for-dancing|
449553|the-bird-and-the-sword|
450536|the-dictionary-of-lost-words-a5edb157-f5dc-4e85-b058-923a831bbb4b|
450976|we-can-only-save-ourselves|
451340|house-of-hollow|
451886|amelia-fang-and-the-barbaric-ball|Amelia Fang #1
451887|the-beast-and-the-bethany|The Beast and the Bethany #1
451888|the-hand-the-eye-and-the-heart|
452814|whose-story-is-this-old-conflicts-new-chapters-2019|
453008|predicting-the-past-zohar-studios|
453019|future-girl|
453447|a-certain-hunger-2019|
454061|the-lost-apothecary|
454801|how-to-marry-keanu-reeves-in-90-days|
454891|this-rebel-heart|
454946|so-this-is-ever-after|
455105|the-charm-offensive|The Charm Offensive #1
455116|runaway-train-runaway-train-1|Runaway Train #1
455128|this-woven-kingdom|This Woven Kingdom #1
456659|an-emotion-of-great-delight|
457641|plum-spooky|Stephanie Plum #14.5
457643|bad-brains|
457646|the-damnation-game|
457651|at-graves-end|Night Huntress #3
458368|romancing-the-duke|Castles Ever After #1
460009|cloudy-climes-and-starless-skies|Prosperity #4
460011|shackles-2015|Prosperity #2
460013|fire-water|Kate Kane, Paranormal Investigator #3
460015|iron-velvet|Kate Kane, Paranormal Investigator #1
460017|realm-fm|
460018|chitterbites|
460021|shattered-girls|Broken Dolls #2
460946|lover-of-thorns-and-holy-gods|Wraith Kings #2.6
462660|the-minders|Dark Future #3
462706|inuyasha-39c5a695-d4d4-41a4-a885-d34dec5b2db2|
462712|skip-beat-cf075cdf-988b-4426-a7a3-4ac1e4e94722|
462713|inu-yasha-by-rumiko-takahashi|
462714|dengeki-daisy|
462717|bakuman-551cf7c9-c594-40fb-b479-2296a8ab768b|
462718|skip-beat-0ddd69ab-3313-4134-8b87-9ab546f8ded8|スキップ・ビート! [Skip Beat!] #36
463051|daughter-of-the-moon-goddess|The Celestial Kingdom Duology #1
463750|rosaline-palmer-takes-the-cake|Winner Bakes All #1
463788|dark-fae|Ruthless Boys of the Zodiac #1
463986|de-fruitplukker|Inspector Wexford #21
464963|just-last-night|
464980|the-places-ive-cried-in-public|
465042|the-best-thing|
465067|unteachable|
465096|set-on-you|The Influencer #1
465161|well-matched|Well Met #3
465310|the-countess-conspiracy|Brothers Sinister #3
465313|the-governess-affair|Brothers Sinister #0.5
467831|afternoon-of-a-faun|
468424|ghost-hunter-2009|Chronicles of Ancient Darkness #6
469312|just-havent-met-you-yet|
469597|the-seventh-cross|
469601|the-ultra-thin-man|Worlds of the Union #1
470049|the-vela|The Vela #1
471052|the-sweetest-oblivion|Made #1
471146|beautifully-cruel|Beautifully Cruel #1
471236|the-third-best-thing|Fulton U #3
471344|to-hate-adam-connor|Love & Hate #2
471352|top-secret-2019|
471394|us-jij-en-ik-voor-altijd-2016|Him #2
471459|hate-notes|
472148|bittersweet-ea84b9b2-1570-451d-ac1e-39955e43a4f6|True North #1
473529|unzipped-tantalizing-his-every-fantasy-playmates|
473531|three-to-get-deadly-1998|
473534|the-autobiography-of-vivian|
474431|the-holiday-switch|
474446|the-maidens|
475748|the-righteous-articles-of-faith-2|Articles of Faith #2
475924|slammed-2012|Slammed #1
476012|every-last-secret|
476026|love-saffron|
478219|the-penultimate-peril-a-series-of-unfortunate-events-12|
478264|depth-of-winter-2018|
480119|before-we-were-strangers|
480178|would-like-to-meet|
480671|careless|
484047|bound-by-prophecy-2013|Descendants #1
484048|mythical|Stone Soldiers #1
484819|gild|The Plated Prisoner #1
484861|iron-lake|
486337|wait-for-it|
488534|yuri-is-my-job-3|私の百合はお仕事です! / Yuri Is My Job! #3
489987|jim-morrison-life-death-legend|
489988|a-matter-of-honour-an-account-of-the-indian-army-its-officers-and-men|
490524|saving-poughkeepsie|
490525|verbal-behavior|
490526|poughkeepsie-shuffle|
490527|poughkeepsie-extended-edition|
491062|temporal-codes-for-memories|
493390|manhattan-in-reverse-92cefd18-89d7-4dbe-85ff-795e48f4a6ba|
493817|there-was-no-secret-evil-fighting-organization-srsly-so-i-made-one-myself-volume-2|
493821|the-international-teamster|
493826|working-class-war|
495059|detektiv-conan-38|
495137|the-very-secret-society-of-irregular-witches|
496003|the-women-outside|
496482|throttled-2020|Dirty Air #1
498078|brutal-prince|Brutal Birthright #1
498669|foul-lady-fortune|Foul Lady Fortune #1
499889|finally-comes-the-poet|
499890|genesis-b0b25ea3-1073-492b-8ebf-64f4a97e863c|Interpretation: A Bible Commentary for Teaching and Preaching
499891|theology-of-the-old-testament-testimony-dispute-advocacy|
499892|inscribing-the-text|
500048|the-house-with-the-golden-door|Wolf Den Trilogy #2
501024|under-locke|
501050|roomhate|
501526|heart-shaped-hack|Kate and Ian #1
501891|after-the-fire-300cc0ce-25c7-4653-96a5-b3eceea1df1c|
502033|funny-feelings|
502045|hunt-the-stars|Starlight's Shadow #1
502622|stasi-child|Karin Müller #1
503416|kiss-the-sky|Addicted World #4
503746|a-thousand-miles|
503769|twice-the-witch|Beechwood Harbor Magic Mystery #2
503773|witch-slapped|Witchless in Seattle #1
503818|the-summer-of-broken-rules|
503834|call-me-maybe|Love Lines #1
503912|the-tourist-attraction|Moose Springs, Alaska #1
503915|ten-rules-for-faking-it|Jansen Brothers #1
503960|fake-it-till-you-bake-it|Sugar Blitz #1
503999|two-wrongs-make-a-right|The Wilmot Sisters #1
504023|battle-royal-2021|Palace Insiders #1
504048|no-exit-46e7e147-473c-40a3-98bd-5e980dfd38ce|
505235|love-on-the-brain|
505263|forever-460ca2e1-87e6-4abc-a57c-e21d3241c097|
505264|mia-goes-fourth|
505266|darkness-my-old-friend-2011|
506304|ten-trends-to-seduce-your-bestfriend|
506352|relentless-b2426924-9cd5-427b-b5fb-4eae06bd31d0|Relentless #1
506389|kingdomless|The Evamore Series #1
506891|the-theory-of-poker|
506895|but-what-of-earth|
507785|a-aventura-auto-biografica|
508278|the-writers-guide-to-training-your-dragon|
509698|love-other-disasters|Nashville Love #1
509842|culture-care|
509843|youve-been-so-lucky-already-a-memoir|
510965|bramton-wick|
511066|the-bell-witch-2013|
511067|fear-factor|
511093|transcendence-2014|Transcendence #1
511352|killers-of-a-certain-age|Killers of a Certain Age #1
512380|saint-2021|Priest #3
512544|the-witches-of-moonshyne-manor|
512821|in-the-clearing|
513286|rooted-2021|
515337|the-perfect-escape-2022|
523556|hello-stars-2017|Lena in the Spotlight #1
523558|the-life-and-loves-of-lena-gaunt|
524628|weather-girl|
524637|the-moon-over-star|
525056|want-me-2019|Extracurricular Activities #1
525821|the-stopover|The Miles High Club #1
525823|always-only-you|Bergman Brothers #2
525846|that-kind-of-guy|The Queen's Cove Series #1
525847|maggie-moves-on|
525879|the-north-wind|The Four Winds #1
525946|terms-and-conditions|Dreamland Billionaires #2
526008|triple-threat-2015|Deception Duet #1
526147|do-you-take-this-man|
527432|ship-wrecked|Spoiler Alert #3
527501|the-devil-wears-black|
530386|a-slice-of-quietude|Woven Myths #1
531990|becoming-a-heroine|
531992|a-conspiracy-of-bones|Temperance Brennan #19
531993|a-lady-awakened|Blackshear Family #1
531994|pretending-hes-mine|Love on Cue #2
532056|days-of-splendor-days-of-sorrow|Marie Antoinette #2
532057|own-your-self|
532058|skarabaus-und-schmetterling|
532059|die-pharaonin|
532060|der-konig-von-luxor|
532061|vater-unser-in-der-holle|
532126|a-taste-of-sage|
532585|the-female-gaze|
532586|headliners|London Celebrities #5
532587|a-kings-ransom-2014|Plantagenets #5
532588|lady-bird-screenplay|
532589|little-women-the-screenplay|
532590|geschichte-des-deutschen-buchhandels|
532591|ein-russischer-sommer-tolstojs-letztes-jahr|
532592|das-eis-und-der-tod|
532850|living-the-dream-2017|
533273|pretty-face-2017|London Celebrities #2
534388|gideons-curse|
534840|the-perfect-game-2012|The Perfect Game #1
537725|the-christmas-wedding-guest|Wishing Tree #1
537980|island-affair|Keys to Love #1
538086|the-christmas-killer-2020|DI James Walker #1
538393|moonstruck-2018|#Lovestruck #2
539412|something-in-the-way|Something in the Way #1
539756|picking-up-the-pieces-2014|Rose Gardner Mystery #5.5
539783|bad-at-love-2017|
540162|appealed|The Legal Briefs #3
540710|her-billionaires-the-complete-collection|Her Billionaires #1
540724|a-husbands-regret|Unwanted #2
540775|if-i-break|If I Break #1
541183|last-impressions|The Marnie Baranuik Files #3
541948|wicked-beautiful|Wicked Games #1
542013|the-trouble-with-love-2015|Sex, Love & Stiletto #4
545804|g-brandts-historie-van-de-rechtspleging-gehouden-in-den-jaaren-1618-en-1619-ontrent-de-drie-gevangene-heeren-mr-johan-van-oldenbarnevelt-mr-rombout-hoogerbeets-en-mr-hugo-de-groot|
546453|home-sweet-christmas|Wishing Tree #2
546703|the-ugly-bug-and-the-beautiful-butterfly|
546704|the-beautiful-noise-in-my-head|
546706|nog-lang-en-gelukkig-druk-1|
547463|hang-the-moon|Written in the Stars #2
547532|flowchart-and-algorithm-basics|
547533|algorithm-flowchart|
547534|flowchart-fun|
547535|dark-prince-2004|Dragon Lords #3
547536|mine-to-protect|
547537|wake-a-sleeping-tiger|Breeds #22
547613|the-undertaking-of-hart-and-mercy|The Undertaking of Hart and Mercy #1
547639|pen-pal|
547867|funny-you-should-ask-2022|
548279|dahlia-2020|Spell Library #5
548280|surrender-2020|Fated Souls #1
548464|bow-before-the-elf-queen|The Elf Queen #1
549613|tesoro-del-teatro-espanol-desde-su-origen-ano-de-1356-hasta-nuestros-dias-33fe443b-14dc-4999-a81d-af44e941f0c6|
549614|tesoro-del-teatro-espanol-desde-su-origen-ano-de-1356-hasta-nuestros-dias-1855|
550640|wolf-moon-1541417c-220d-41eb-8e6c-51a2d786b4b1|
550922|blindsided-04b08fbc-48a7-4d54-8256-ef0dfe83eea3|Harris Brothers World #7
551416|antidiscrimination-law-and-social-equality|
551417|supreme-myths|
551418|the-tough-luck-constitution-and-the-assault-on-health-care-reform|
552142|cant-spell-treason-without-tea|Tomes & Tea #1
552297|a-memory-a-monologue-a-rant-and-a-prayer|
553551|imre-kertesz-and-holocaust-literature|
554380|1840|The Leatherstocking Tales #4
555073|summer-time-rendering|Summertime Render #7
556516|unterrichtssequenzen-abiturlekture|
557549|uncivilisation|
557553|this-chair-rocks|
557554|the-manifesto-on-how-to-be-interesting|
559382|statements-of-resolve|
559688|funeral-for-a-friend|
560396|swiftly-tilting-planet|
561298|the-brave-line|
561563|ride-2017|The Wild Sequence #1
561982|the-quarry-girls|
561989|unbound-2013|
562042|enemies-with-benefits|Loveless Brothers #1
562656|overtime-2016|Scoring Chances #3.5
562657|bonfire-at-squash-long-creek|
562658|axels-pup|Werewolves & Dragons #1
562659|brighton-rock-2020|Close Proximity #2.5
562660|charlie-sunshine|Close Proximity #2
564497|children-s-socio-economic-rights-democracy-and-the-courts|
564791|rough-neck|Dirty Men #3
565289|demon-lover|Hellbound #1
565378|dont-kiss-the-bride|
565428|luna-and-the-lie|
565645|the-hong-kong-filmography-1977d1997|
565648|the-forgotten-trade|
565649|cyclopaedia-of-english-literature|
565701|nick-and-noels-christmas-playlist|
566994|turning-on-the-girls|
567640|new-tales-of-the-vampires|
567641|summit-1999|
567647|diary-of-an-apprentice-5-feb-9-may-19-2007|
567648|diary-of-an-apprentice-6|
567649|diary-of-an-apprentice-shaman|
567650|guia-de-un-astronauta-para-vivir-en-la-tierra|
567651|acabo-de-llegar|
567652|resistencia|
568131|the-layover|
568886|17-6e27dd60-5521-42e7-9493-7798100bafdc|不機嫌なモノノケ庵 / Fukigen na Mononokean #17
568887|13-2019|不機嫌なモノノケ庵 / Fukigen na Mononokean #13
568888|18-2021|不機嫌なモノノケ庵 / Fukigen na Mononokean #18
568889|14-2019|不機嫌なモノノケ庵 / Fukigen na Mononokean #14
569964|how-to-be-happy-dammit|
569965|what-i-hate-from-a-to-z|
569966|strong-looks-better-naked-signed-edition|
569967|101-really-important-things-you-already-know-but-keep-forgetting-2003|
569968|the-myth-of-sanity|
570046|enlightened-sexism|
570049|virginity-or-death|
570065|small-wonder|
571948|tell-me-something-real|
571949|lies-like-love|
571950|the-accident-season-2015|
572452|that-time-i-got-drunk-and-saved-a-demon|Mead Mishaps #1
573530|blame-it-on-the-mistletoe|
573986|1794-2019|
573987|1986|
573989|3ede3d1e-8669-448d-a1db-d2c6175ebf1a|
574083|winter-bride|
575355|collided|Dirty Air #2
575939|die-silberne-burg|
575940|psychopathinnen|
575941|im-unwahrscheinlichen-fall|
576446|lieber-osama|
576448|letzte-nacht|
577716|menschen-im-hotel|
577717|fraulein-zeisig-und-der-amerikanische-freund|Fräulein Zeisig #2
578990|quando-eramos-mentirosos|
580073|a-deadly-influence|Abby Mullen Thrillers #1
582268|ollendorffs-new-method-of-learning-to-read-write-and-speak-the-french-language|
582269|senate-documents|
582271|investigation-of-so-called-rackets|
582272|house-documents-b81d3deb-397f-482f-9f23-6e3c8a01ddab|
582511|more-than-words-2018|Where Love Meets Destiny #3
583060|gage|
584421|a-secret-order|
584422|the-orion-regressions|
584423|the-key-a-true-encounter|
585543|the-chateau-2018|The Original Sinners #8.4
588143|candy-2005|
589699|what-does-this-look-like-in-the-classroom|
589878|running-wild-2022|Wild #3
590048|open-hearts|Bennett Sisters #2
590767|the-wedding-crasher|
591921|hard-time-2014|
592053|the-drowning-woman|
595195|one-hot-italian-summer|
599934|gone-too-deep|Search and Rescue #3
600013|my-darling-mr-darling|Unconventional Ladies #2
606295|28-summers|28 Summers #1
608503|der-zwielichtobelisk|
608906|teach-me-2019|There's Something About Marysburg #1
608908|40-love|There's Something About Marysburg #2
611689|blood-orange-2022|The Dracula Duet #1
612060|the-bestseller|
615363|the-cabin-2021|
619199|les-mots-cles-de-lentreprise-et-ses-activites-anglais|
620524|on-his-watch|Search and Rescue #0.5
621935|never-sweeter|Dark Obsession #2
622602|change-of-heart-2016|Fostering Love #2
622762|hands-down-2020|
626797|what-if-you-me|
628705|the-demon-2|
628706|the-demons-sermon-on-the-martial-arts|
629073|de-boogschutter-van-hirado|
633294|sweet-as-sin-2015|Bad Habit #1
634700|chira-chiralina|
636717|the-holiday-swap|
641244|dear-aaron|
641245|lingus|
645219|die-reisen-des-phil-der-himmel-weint|
652098|beginners-luck-2017|Chance of a Lifetime #1
652139|desire-and-the-deep-blue-sea|Love Unscripted #1
652837|by-the-hour|Pleasure Principle #2
655979|bad-mommy|
656725|cruel-princes|Princes of Devil's Creek #1
673897|that-guy-2018|
673926|royally-rearranged|Sweet Royal RomCom #1
677574|a-crown-of-ivy-and-glass|The Middlemist Trilogy #1
680100|a-vow-of-hate|
680154|some-kind-of-perfect|Addicted World #10
689228|resting-scrooge-face|
689229|the-mistletoe-bet|Strawberry Hollow #1
689266|all-i-want-for-christmas-2022|
689351|getaway-girl-2018|Girl #1
689362|beneath-the-stands|Sugarlake #2
689628|most-eligible-billionaire|Billionaires of Manhattan #1
697874|the-christmas-pact|
697997|uber-die-dunkelste-see|Compass #3
698692|my-brothers-billionaire-best-friend|Billionaire Collection #2
698942|teardrop-shot|
699113|forever-and-never|Magnolia Cove #2
699329|home-and-heist|Solving for Pie: Cletus and Jenn Mysteries #3
699773|the-devil-you-know-4f1f0fdc-3a1d-4394-8464-64a4da127687|The Grumpy Devils #3
708646|the-status-of-all-things-46feec1f-617f-4413-82dd-c776b574a3d4|
735346|10-things-that-never-happened|Material World #1
750351|drama-king|Three Kings #2
766734|the-wake-up-call-2023|
776952|norwegian-wood|Norwegian Wood #2
804013|bass-ackwards|
804233|temptation-d0768720-78a6-4f36-98a3-10e6f3c6c9c6|Temptation #1
804529|locked-up-liars|Saint View Prison #1
805147|savage-vandal|82 Street Vandals #1
834162|bitter-heat-b8fac134-73c9-49ff-a9ea-15da297c8955|
835445|priyas-ex|
883292|the-cursed-and-the-broken|Cursed Blood #1
884189|where-the-blame-lies|Where... #1
888373|the-nerd-and-the-neighbor|
893635|nasty-little-cuts|
936071|meet-me-under-the-mistletoe-2022|
1058243|awkward-2018|
1084764|why-cant-i-be-you|
1101452|the-paradise-problem|
1124835|love-sincerely-yours-e7889464-265e-4277-8645-9fbf9061f9f9|
1176428|this-summer-will-be-different|
1202662|ps-youre-intolerable-2023|The Harder They Fall #3
1236408|christmas-at-mistletoe-cottage|Hope Meadows #2
1236740|the-change-in-the-mirror|
1238009|christmas-at-the-beach-hut|The Beach Hut #3
1244658|emily-wildes-encyclopaedia-of-faeries-2022|Emily Wilde #1
1257216|in-the-game-2023|Lakes Hockey #3
1280634|find-her-2022|
1421303|quicksilver-2024|Fae & Alchemy #1
1421897|a-curse-so-dark-and-lonely|Cursebreakers #1
1522336|knox-84b5feff-3be4-40c7-a5aa-1f473b0f0343|
1561653|atmosphere-a-love-story|
1564129|ps-i-hate-you-2024|
1592782|see-you-monday|
1614890|finlay-donovan-is-killing-it|Finlay Donovan #1
1615443|overdrawn|
1708426|the-7-1-2-deaths-of-evelyn-hardcastle|
1760846|someone-knows-2025|
1785259|mate-2025|Bride #2
1953223|his-empress|Empire of Royals #3
2083320|the-billionaires-wake-up-call-girl|Billionaires of Manhattan #2
2118531|the-right-swipe-2019|Modern Love #1
2177307|luzes-do-leste|Compass #2
2230918|second-chance-scandal|
2243147|the-good-parts-a-novel|
2250612|tiny-beautiful-things-advice-on-love-and-life-from-dear-sugar|
2338648|pierced-hearts|Southern Charmers #1
2716683|the-legacy-300452fa-0b11-4ee8-9283-df96dc87fff0|
2744803|maybe-you-should-talk-to-someone-b86d4fe0-c771-4d30-b8ff-6901c9a194ee|
2744806|try-f5f11f5d-6c32-41f2-bffd-072e377bc7d4|
2744888|what-lies-beyond-the-veil-02767613-75bc-468b-8b9c-7fe8de807684|
2744921|the-billionaires-wake-up-call-girl-0f3a0e2d-b268-47e5-8055-1fd2a758c134|
2745008|1q84-a39016f5-ed9f-45cf-be21-f47bb8d44faf|
2745084|house-of-earth-and-blood-2942081e-6d61-4e29-b6a2-2f081952e10d|
2745176|the-seven-deaths-of-evelyn-hardcastle-e8cf211e-261b-4ca9-a709-6a97c2aa8941|